No,Href,Text
1,https://www.hops.id/hobi/pr-2942596598/cara-install-laragon-di-windows-10-pemula-wajib-tahu," Cara install Laragon di Windows 10, pemula wajib tahu!"
2,https://pp.uma.ac.id/2023/01/09/tutorial-instalasi-laragon-dan-cara-menggunakan-laragon/, Instalasi Laragon dan Cara Dasar Pengaktifan ...
3,https://rahmandi.com/cara-install-laragon-mudah-banget/," Cara Install Laragon, Mudah Banget!"
4,https://sobatcoding.com/articles/cara-install-dan-menggunakan-laragon, Cara Install Laragon dan Cara Menggunakan Laragon
5,https://amperakoding.com/article/cara-download-install-dan-menggunakan-laragon-di-windows-10," Cara Download, Install dan Menggunakan Laragon di ..."
6,"https://bakri.uma.ac.id/cara-menggunakan-laragon-untuk-membuat-website-lokal/#:~:text=Laragon%20adalah%20perangkat%20lunak%20yang,Lebih%20ringan%20dan%20cepat", Cara Menggunakan Laragon untuk Membuat Website Lokal
7,https://www.youtube.com/watch?v=Mr3_7mVq7vo, Cara Download dan Install Web Server LARAGON di ...
8,https://translate.google.com/translate?u=https://steemit.com/utopian-io/%40riyo.s94/laragon-how-to-install-and-using-it-for-local-development&hl=id&sl=en&tl=id&client=srp&prev=search, Laragon - Cara menginstal dan menggunakannya untuk ...
9,https://steemit.com/utopian-io/@riyo.s94/laragon-how-to-install-and-using-it-for-local-development, Laragon - How to install and using it for local development
10,https://laragon.org/docs/install.html, Installation
11,https://www.youtube.com/watch?v=UYI9zSL_ejA," How to Download, Install and Use Laragon on Windows 10"
12,https://translate.google.com/translate?u=https://www.nexcess.net/help/laragon/&hl=id&sl=en&tl=id&client=srp&prev=search, Apa itu Laragon? Cara Memasang & Menggunakannya
13,https://www.nexcess.net/help/laragon/, What is Laragon? How to Install & Use It - Nexcess
14,https://www.hops.id/hobi/pr-2942596598/cara-install-laragon-di-windows-10-pemula-wajib-tahu," Cara install Laragon di Windows 10, pemula wajib tahu!"
15,https://pp.uma.ac.id/2023/01/09/tutorial-instalasi-laragon-dan-cara-menggunakan-laragon/, Instalasi Laragon dan Cara Dasar Pengaktifan ...
16,https://rahmandi.com/cara-install-laragon-mudah-banget/," Cara Install Laragon, Mudah Banget!"
17,https://sobatcoding.com/articles/cara-install-dan-menggunakan-laragon, Cara Install Laragon dan Cara Menggunakan Laragon
18,https://amperakoding.com/article/cara-download-install-dan-menggunakan-laragon-di-windows-10," Cara Download, Install dan Menggunakan Laragon di ..."
19,"https://bakri.uma.ac.id/cara-menggunakan-laragon-untuk-membuat-website-lokal/#:~:text=Laragon%20adalah%20perangkat%20lunak%20yang,Lebih%20ringan%20dan%20cepat", Cara Menggunakan Laragon untuk Membuat Website Lokal
20,https://www.youtube.com/watch?v=Mr3_7mVq7vo, Cara Download dan Install Web Server LARAGON di ...
21,https://translate.google.com/translate?u=https://steemit.com/utopian-io/%40riyo.s94/laragon-how-to-install-and-using-it-for-local-development&hl=id&sl=en&tl=id&client=srp&prev=search, Laragon - Cara menginstal dan menggunakannya untuk ...
22,https://steemit.com/utopian-io/@riyo.s94/laragon-how-to-install-and-using-it-for-local-development, Laragon - How to install and using it for local development
23,https://laragon.org/docs/install.html, Installation
24,https://www.youtube.com/watch?v=UYI9zSL_ejA," How to Download, Install and Use Laragon on Windows 10"
25,https://translate.google.com/translate?u=https://www.nexcess.net/help/laragon/&hl=id&sl=en&tl=id&client=srp&prev=search, Apa itu Laragon? Cara Memasang & Menggunakannya
26,https://www.nexcess.net/help/laragon/, What is Laragon? How to Install & Use It - Nexcess
27,https://blog.szetoconsultants.com/cara-install-laragon/," Cara Install Laragon di PC Kamu, Mudah Banget!"
28,https://bakri.uma.ac.id/cara-menggunakan-laragon-untuk-membuat-website-lokal/, Cara Menggunakan Laragon untuk Membuat Website Lokal
29,https://www.jetorbit.com/blog/apa-itu-laragon-dan-cara-install-laragon/," Apa Itu Laragon, Fitur, dan Cara Install Laragon - %sitename"
30,https://www.tasadmin.id/2022/10/instal-laragon-untuk-aplikasi-web.html, Cara Instal Laragon untuk Menjalankan Aplikasi Berbasis ...
31,https://www.youtube.com/watch?v=9a8O0Q5JThU, LARAGON Eps. 1 - Cara Install Laragon
32,https://divisidev.com/post/cara-install-laragon, Cara Install Laragon dan Menggunakan Multiple PHP ...
33,https://id.scribd.com/document/651203140/Cara-Install-Laragon-Di-PC-Komputer, Cara Install Laragon Di PC Komputer | PDF
34,https://www.kaskus.co.id/thread/6275b679c05d8349a442731f/cara-instalasi-laragon-di-windows, CARA INSTALASI LARAGON DI WINDOWS
35,https://susantokun.com/keunggulan-dan-cara-menggunakan-laragon/, Keunggulan dan Cara Menggunakan Laragon
36,https://dewabiz.com/laragon-menyediakan-cara-cepat-dan-mudah-untuk-menjalankan-platform-pengembangan-window/, Laragon Menyediakan Cara Cepat dan Mudah Untuk ...
37,https://translate.google.com/translate?u=https://www.wikihow.com/Install-Laravel-Using-Laragon&hl=id&sl=en&tl=id&client=srp&prev=search, Cara Install Laravel Menggunakan Laragon
38,https://www.wikihow.com/Install-Laravel-Using-Laragon, How to Install Laravel Using Laragon: 14 Steps (with Pictures)
39,https://henri.web.id/instalasi-laragon-server-pengembangan-lokal/, Instalasi Laragon - Server Pengembangan Lokal
40,https://www.youtube.com/watch?v=Prc1CKxzHJQ, Belajar Laragon | 1. Pengenalan & Instalasi Laragon
41,https://www.kompasiana.com/juliana42828/633cd6a84addee42147ded32/cara-instal-laragon-dan-cara-menggunakan-laragon, Cara Install Laragon dan Cara Menggunakan Laragon
42,https://translate.google.com/translate?u=https://laragon.org/&hl=id&sl=en&tl=id&client=srp&prev=search, Laragon - lingkungan pengembangan universal portabel ...
43,https://laragon.org/index.html," Laragon - portable, isolated, fast & powerful universal ..."
44,https://jabdul.web.ugm.ac.id/?p=103, Cara Install Laravel pada Windows dengan Menggunakan ...
45,https://www.youtube.com/watch?v=u2QnVDbggQo," Instal Laragon (Alternatif XAMPP) - Multi Versi PHP, URL ..."
46,https://medium.com/@muhammad755262/cara-intalisasi-laravel-menggunakan-laragon-27904ac29b88, Cara Install Laravel Menggunakan Laragon | by mfarhannr
47,https://rahmandi.com/tag/cara-install-laragon/, cara install laragon Archives
48,https://blogs.masterweb.com/apa-itu-laragon-dan-fiturnya/, Apa Itu Laragon dan Fitur – Fiturnya
49,https://blog.rumahweb.com/laragon-adalah/," Laragon: Pengertian, Fungsi, Download, dan Cara Instalasinya"
50,https://dosenpembimbing.id/cara-install-laragon-di-windows/, 5 langkah simple Cara Install Laragon Webserver terbaik ...
51,https://anakinformatika.com/cara-install-wordpress-dengan-laragon-di-windows/, Cara install wordpress dengan Laragon di Windows
52,https://kaconk.com/cara-mudah-install-laravel-dengan-laragon/, Cara Mudah Install Laravel dengan Laragon - Kaconk
53,https://www.priawadi.com/2016/08/cara-cepat-instalasi-laravel-7-dengan.html, Cara cepat Instalasi Laravel 7 dengan Laragon - priawadi
54,https://www.youtube.com/watch?v=ceZyyGv6vK8, Cara Instal Laragon (Alternatif XAMPP) - Fleksibel & Multi ...
55,https://medium.com/@naufalrusman/cara-install-laravel-termudah-dan-tercepat-dengan-laragon-dbe6c746b010, Cara install laravel termudah dan tercepat dengan laragon
56,https://duniamasa.com/cara-install-laragon-di-windows-10/, Cara Install Laragon Di Windows 10 Untuk Localhost ...
57,https://translate.google.com/translate?u=https://kevinsguides.com/guides/webdev/joomla/ref/installing-joomla-with-laragon&hl=id&sl=en&tl=id&client=srp&prev=search, Menginstal Joomla dengan Laragon
58,https://kevinsguides.com/guides/webdev/joomla/ref/installing-joomla-with-laragon, Installing Joomla with Laragon - Kevin's Guides
59,https://www.natairaya.desa.id/index.php/artikel/2020/6/22/cara-baru-install-dan-update-opensid-offline-secara-otomatis, Cara Baru Install dan Update OpenSID Offline Secara Otomatis
60,https://laragon.org/download/install-django.html, Install Django
61,https://translate.google.com/translate?u=https://bloggingscheme.com/install-wordpress-laragon/&hl=id&sl=en&tl=id&client=srp&prev=search, Cara Install WordPress di Laragon (Windows dan Mac)
62,https://bloggingscheme.com/install-wordpress-laragon/, How to Install WordPress on Laragon (Windows and Mac)
63,https://www.youtube.com/watch?v=MfYjXPqKl5o, Install Laragon Alternatif PHP Web Server Banyak Fitur Lebih ...
64,https://www.kompasiana.com/akmalihsan5750/633cbbff4addee55ff387632/bagaimana-cara-instalasi-aplikasi-laragon-di-pc-atau-laptop, Bagaimana Cara Instalasi Aplikasi Laragon di PC atau ...
65,https://www.yasyaindra.com/2023/08/cara-install-laravel-10-di-laragon.html, Cara Install Laravel 10 Di Laragon - Yasya Indra Blog
66,https://www.nurhishare.web.id/2020/01/tutorial-cara-install-laragon-full.html, Tutorial Cara Install Laragon Full - Nurhishare
67,https://id.scribd.com/document/627208335/tutorial-install-GenbSoft-pada-laragon, Tutorial Install GenbSoft Pada Laragon | PDF
68,https://info-menarik.net/cara-install-wordpress-di-laragon/, Cara Install WordPress di Localhost Menggunakan Laragon
69,https://www.geriatama.com/2021/12/tips-triks-cara-install-postgresql.html, Tips & Triks - Cara Install PostgreSQL melalui Laragon
70,http://ahmadzaini0510.blogspot.com/2017/04/install-composer-di-laragon.html, Install Composer di Laragon
71,https://kaconk.com/cara-install-wordpress-di-localhost-menggunakan-laragon/, Cara Install WordPress di Localhost Menggunakan Laragon
72,https://github.com/leokhoa/laragon/discussions/567, may i know how to install laragon in mac? #567
73,https://www.youtube.com/watch?v=t7pGz1eNpGc," Cara Mudah Install Laragon Di Windows 7, 8, 10"
74,https://amperakoding.com/article/cara-install-phpmyadmin-di-laragon, Cara Install PhpMyAdmin di Laragon
75,https://bacadigital.com/tutorial-terbaru-instalasi-laragon/, TUTORIAL TERBARU INSTALASI LARAGON
76,https://sobatcoding.com/articles/cara-update-versi-php-di-laragon, Cara Update Versi PHP di Laragon - Sobatcoding.com
77,https://translate.google.com/translate?u=https://laragon.org/docs/index.html&hl=id&sl=en&tl=id&client=srp&prev=search, Dokumentasi
78,https://laragon.org/docs/index.html, Documentation | Laragon - Laragon
79,https://metodeku.com/cara-install-laravel-dengan-laragon/, Cara Install Laravel Dengan Laragon
80,https://translate.google.com/translate?u=https://ultimateblocks.com/install-wordpress-on-localhost/&hl=id&sl=en&tl=id&client=srp&prev=search, Cara Install WordPress Di Localhost (Laragon & XAMPP)
81,https://ultimateblocks.com/install-wordpress-on-localhost/, How To Install WordPress On Localhost (Laragon & XAMPP)
82,https://homecare24.id/cara-menggunakan-laragon/, Cara Menggunakan Laragon - Homecare24
83,https://kopiabc.co.id/panduan-lengkap-cara-install-wordpress-di-localhost-menggunakan-laragon-dan-phpmyadmin-48475.html, Panduan Lengkap Cara Install WordPress di Localhost ...
84,https://www.tasadmin.id/2022/10/instal-moodle-laragon.html, Cara Instal LMS Moodle di Laragon untuk Pemula
85,https://inwepo.co/cara-install-wordpress-menggunakan-laragon/, Cara Install Wordpress Menggunakan Laragon
86,https://windowsku.com/cara-install-laravel/, Cara Install Laravel Termudah dan Tercepat!
87,https://dojo.cc/docs/shuriken-4/instalasi-shuriken-4-di-windows-memakai-laragon/, Instalasi Shuriken 4 di Windows memakai Laragon
88,https://www.youtube.com/watch?v=B9ylRXVtVxM, Cara Instal LARAGON di Windows 11 - Lebih Powerfull dari ...
89,https://argiaacademy.com/install-laragon-alternatif-terbaik-xampp/," Laragon, Alternatif Terbaik Pengganti XAMPP"
90,https://fahmiffa.blogspot.com/2018/06/cara-install-laragon-pada-windows-webserver-localhost.html, Cara install laragon pada windows sebagai web server ...
91,https://laragon.org/download/index.html, Download
92,https://www.mediainformasionline.com/2021/12/praktik-instalasi-laragon.html, Praktik Instalasi LARAGON
93,https://www.tutupkurung.com/2021/01/cara-install-wordpress-di-laragon.html, Cara Install Wordpress di Laragon - Tutup Kurung
94,https://www.rahmandawibowo.com/blog/id/laragon-xampp-rasa-laravel/, Laragon - XAMPP Rasa Laravel - Rahmanda Wibowo
95,https://parsinta.com/articles/dari-xampp-ke-laragon-ololh, Migrasi XAMPP ke Laragon
96,https://www.hops.id/tag/cara-install-laragon, Berita Seputar cara install laragon Terbaru dan Terkini Hari ...
97,https://translate.google.com/translate?u=https://github.com/leokhoa/laragon/discussions/411&hl=id&sl=en&tl=id&client=srp&prev=search, Bagaimana cara menambahkan versi baru Python?
98,https://github.com/leokhoa/laragon/discussions/411, How to add a new version of Python? · leokhoa laragon - GitHub
99,https://dojo.cc/docs/shuriken-6/instalasi-shuriken-6-di-windows-memakai-laragon/, Instalasi Shuriken 6 di Windows memakai Laragon
100,https://www.youtube.com/watch?v=OWjpSeTQ1wc, APA ITU LARAGON? PENJELASAN LARAGON ADALAH ...
101,https://www.dirgasatya.com/menggunakan-laragon-untuk-deploy-laravel/, Menggunakan Laragon Untuk Deploy Laravel
102,http://saptaji.com/2021/12/02/menginstall-wordpress-menggunakan-laragon/, Menginstall Wordpress Menggunakan Laragon
103,https://eprints.utdi.ac.id/9989/8/8_155410188_CARA_MENJALANKAN_PROGRAM%20-%20Indra%20Saputra.pdf, CARA MENJALANKAN PROGRAM
104,https://my.nexopos.com/en/documentation/how-tos/installing-nexopos-4-x-on-laragon, Installing NexoPOS 4.x On Laragon - Documentation
105,https://tutoriallaravel.wordpress.com/2018/10/04/install-laravel-dengan-laragon/, Install Laravel Dengan Laragon
106,https://translate.google.com/translate?u=https://dev.to/dendihandian/installing-php-redis-extension-on-laragon-2mp3&hl=id&sl=en&tl=id&client=srp&prev=search, Redis di Laragon - Komunitas DEV
107,https://dev.to/dendihandian/installing-php-redis-extension-on-laragon-2mp3, Redis on Laragon - DEV Community
108,https://translate.google.com/translate?u=https://w3codegenerator.com/article/install-latest-nodejs-version-in-laragon&hl=id&sl=en&tl=id&client=srp&prev=search, Instal versi Nodejs terbaru di Laragon
109,https://w3codegenerator.com/article/install-latest-nodejs-version-in-laragon, Install latest Nodejs version in Laragon - W3codegenerator
110,https://alviano.web.id/install-phpmyadmin-di-laragon/, Install Phpmyadmin di Laragon - Alviano
111,https://www.youtube.com/watch?v=RRsZVCR-BDM, #4 Laragon - Installasi PHP 5.6.40
112,https://glarity.app/id/youtube-summary/people-blogs/laravel-10-tutorial-how-to-install-10494139_1137572, Tutorial LARAVEL 10: Panduan Instalasi & Membuat ...
113,https://kopiabc.co.id/cara-install-candy-cbt-offline-versi-2-9-2-di-laragon-menggunakan-database-mariadb-46664.html, Cara Install Candy CBT Offline Versi 2.9.2 di Laragon ...
114,https://info-menarik.net/cara-install-candy-cbt-laragon/, Cara Install Candy CBT 2.9.2 di Laragon Database MariaDB
115,https://laracasts.com/discuss/channels/servers/do-anybody-know-how-to-install-laragon-on-linux, Do anybody know how to install Laragon on Linux?
